{"initial_reset_timestamp": 1580466228.5261512, "timestamps": [1580466284.3775504], "episode_lengths": [89], "episode_rewards": [-89.0], "episode_types": ["t"]}