{"initial_reset_timestamp": 1580586543.6345966, "timestamps": [1580586628.794586], "episode_lengths": [111], "episode_rewards": [-111.0], "episode_types": ["t"]}