{"initial_reset_timestamp": 1580475179.0373087, "timestamps": [1580475259.7661724], "episode_lengths": [106], "episode_rewards": [-106.0], "episode_types": ["t"]}